ChartID,AbstractorID,Field,Original_Value,Value,Code,Code_System,Abstracted_Date_Time
CH8907,codonadmin,smokeho,asdf,asdf,,,11/26/2020 01:21 PM 
CH8907,codonadmin,smokehoyr,8,8,,,11/26/2020 01:21 PM 
CH8907,codonadmin,hocancer,No,No,,,11/26/2020 01:21 PM 
CH8907,codonadmin,hocancerdiag,sdaf,sdaf,,,11/26/2020 01:21 PM 
CH8907,codonadmin,hocomorbid,dsaf,dsaf,,,11/26/2020 01:21 PM 
CH8907,codonadmin,hocomorbidcond,None,None,,,11/26/2020 01:21 PM 
CH8907,codonadmin,height,asd,asd,,,11/26/2020 01:21 PM 
CH8907,codonadmin,weight,89,89,,,11/26/2020 01:21 PM 
CH8907,codonadmin,bmi,26,26,,,11/26/2020 01:21 PM 
CH8907,codonadmin,cancerdiagdt,2020-11-01T18:30:00.000Z,2020-11-01T18:30:00.000Z,,,11/26/2020 01:21 PM 
CH8907,codonadmin,cancerorgan,Lung,Lung,,,11/26/2020 01:21 PM 
CH8907,codonadmin,histotype,,,,,11/26/2020 01:21 PM 
CH8907,codonadmin,metacancerdiagdate,2020-11-02T18:30:00.000Z,2020-11-02T18:30:00.000Z,,,11/26/2020 01:21 PM 
CH8907,codonadmin,metasite,,,,,11/26/2020 01:21 PM 
CH8907,codonadmin,stagediagdt,2020-11-02T18:30:00.000Z,2020-11-02T18:30:00.000Z,,,11/26/2020 01:21 PM 
CH8907,codonadmin,tdiag,,,,,11/26/2020 01:21 PM 
CH8907,codonadmin,ndiag,,,,,11/26/2020 01:21 PM 
CH8907,codonadmin,mdiag,sadf,sadf,,,11/26/2020 01:21 PM 
CH8907,codonadmin,stagesurgerydt,,,,,11/26/2020 01:21 PM 
CH8907,codonadmin,tsurgery,,,,,11/26/2020 01:21 PM 
CH8907,codonadmin,nsurgery,dasf,dasf,,,11/26/2020 01:21 PM 
CH8907,codonadmin,msurgery,,,,,11/26/2020 01:21 PM 
CH8907,codonadmin,stagegroupdiag,,,,,11/26/2020 01:21 PM 
CH8907,codonadmin,stagegroupsurgery,asdf,asdf,,,11/26/2020 01:21 PM 
CH8907,codonadmin,stagesystem,,,,,11/26/2020 01:21 PM 
CH8907,codonadmin,dummy,,,,,11/26/2020 01:21 PM 
CH8907,codonadmin,lesionsize,20cm,20cm,,,11/26/2020 01:21 PM 
CH12563,codonadmin,smokeho,Yes,Yes,,,11/26/2020 01:49 PM 
CH12563,codonadmin,smokehoyr,7years,7years,,,11/26/2020 01:49 PM 
CH12563,codonadmin,hocancer,,,,,11/26/2020 01:49 PM 
CH12563,codonadmin,hocancerdiag,Breast,Breast,,,11/26/2020 01:49 PM 
CH12563,codonadmin,hocomorbid,No,No,,,11/26/2020 01:49 PM 
CH12563,codonadmin,hocomorbidcond,,,,,11/26/2020 01:49 PM 
CH12563,codonadmin,height,162,162,,,11/26/2020 01:49 PM 
CH12563,codonadmin,weight,,,,,11/26/2020 01:49 PM 
CH12563,codonadmin,bmi,,,,,11/26/2020 01:49 PM 
CH12563,codonadmin,cancerdiagdt,2020-09-01T18:30:00.000Z,2020-09-01T18:30:00.000Z,,,11/26/2020 01:49 PM 
CH12563,codonadmin,cancerorgan,,,,,11/26/2020 01:49 PM 
CH12563,codonadmin,histotype,,,,,11/26/2020 01:49 PM 
CH12563,codonadmin,metacancerdiagdate,2020-10-29T18:30:00.000Z,2020-10-29T18:30:00.000Z,,,11/26/2020 01:49 PM 
CH12563,codonadmin,metasite,,,,,11/26/2020 01:49 PM 
CH12563,codonadmin,stagediagdt,2020-10-06T18:30:00.000Z,2020-10-06T18:30:00.000Z,,,11/26/2020 01:49 PM 
CH12563,codonadmin,tdiag,,,,,11/26/2020 01:49 PM 
CH12563,codonadmin,ndiag,,,,,11/26/2020 01:49 PM 
CH12563,codonadmin,mdiag,M0,M0,,,11/26/2020 01:49 PM 
CH12563,codonadmin,stagesurgerydt,,,,,11/26/2020 01:49 PM 
CH12563,codonadmin,tsurgery,,,,,11/26/2020 01:49 PM 
CH12563,codonadmin,nsurgery,No,No,,,11/26/2020 01:49 PM 
CH12563,codonadmin,msurgery,,,,,11/26/2020 01:49 PM 
CH12563,codonadmin,stagegroupdiag,,,,,11/26/2020 01:49 PM 
CH12563,codonadmin,stagegroupsurgery,T2M1N1,T2M1N1,,,11/26/2020 01:49 PM 
CH12563,codonadmin,stagesystem,,,,,11/26/2020 01:49 PM 
CH12563,codonadmin,dummy,,,,,11/26/2020 01:49 PM 
CH12563,codonadmin,lesionsize,8x9cm,8x9cm,,,11/26/2020 01:49 PM 
CH78901,codonadmin,smokeho,Y,Y,,,11/26/2020 02:49 PM 
CH78901,codonadmin,smokehoyr,10,10,,,11/26/2020 02:49 PM 
CH78901,codonadmin,hocancer,,,,,11/26/2020 02:49 PM 
CH78901,codonadmin,hocancerdiag,Yes,Yes,,,11/26/2020 02:49 PM 
CH78901,codonadmin,hocomorbid,No,No,,,11/26/2020 02:49 PM 
CH78901,codonadmin,hocomorbidcond,,,,,11/26/2020 02:49 PM 
CH78901,codonadmin,height,112,112,,,11/26/2020 02:49 PM 
CH78901,codonadmin,weight,,,,,11/26/2020 02:49 PM 
CH78901,codonadmin,bmi,,,,,11/26/2020 02:49 PM 
CH78901,codonadmin,cancerdiagdt,2020-09-01T18:30:00.000Z,2020-09-01T18:30:00.000Z,,,11/26/2020 02:49 PM 
CH78901,codonadmin,cancerorgan,,,,,11/26/2020 02:49 PM 
CH78901,codonadmin,histotype,,,,,11/26/2020 02:49 PM 
CH78901,codonadmin,metacancerdiagdate,2020-11-05T18:30:00.000Z,2020-11-05T18:30:00.000Z,,,11/26/2020 02:49 PM 
CH78901,codonadmin,metasite,,,,,11/26/2020 02:49 PM 
CH78901,codonadmin,stagediagdt,2020-10-31T18:30:00.000Z,2020-10-31T18:30:00.000Z,,,11/26/2020 02:49 PM 
CH78901,codonadmin,tdiag,T1,T1,,,11/26/2020 02:49 PM 
CH78901,codonadmin,ndiag,,,,,11/26/2020 02:49 PM 
CH78901,codonadmin,mdiag,M0,M0,,,11/26/2020 02:49 PM 
CH78901,codonadmin,stagesurgerydt,,,,,11/26/2020 02:49 PM 
CH78901,codonadmin,tsurgery,,,,,11/26/2020 02:49 PM 
CH78901,codonadmin,nsurgery,N0,N0,,,11/26/2020 02:49 PM 
CH78901,codonadmin,msurgery,,,,,11/26/2020 02:49 PM 
CH78901,codonadmin,stagegroupdiag,,,,,11/26/2020 02:49 PM 
CH78901,codonadmin,stagegroupsurgery,T1M0N0,T1M0N0,,,11/26/2020 02:49 PM 
CH78901,codonadmin,stagesystem,,,,,11/26/2020 02:49 PM 
CH78901,codonadmin,dummy,,,,,11/26/2020 02:49 PM 
CH78901,codonadmin,lesionsize,15cmx4cm,15cmx4cm,,,11/26/2020 02:49 PM 
