ChartID,AbstractorID,Field,Original_Value,Value,Code,Code_System,Abstracted_Date_Time
CH8907,codonadmin,smokeho,asdf,asdf,,,11/24/2020 12:16 PM 
CH8907,codonadmin,hocancerdiag,sdaf,sdaf,,,11/24/2020 12:16 PM 
CH8907,codonadmin,hocomorbid,dsaf,dsaf,,,11/24/2020 12:16 PM 
CH8907,codonadmin,height,asd,asd,,,11/24/2020 12:16 PM 
CH8907,codonadmin,cancerdiagdt,2020-11-01T18:30:00.000Z,2020-11-01T18:30:00.000Z,,,11/24/2020 12:16 PM 
CH8907,codonadmin,metacancerdiagdate,2020-11-02T18:30:00.000Z,2020-11-02T18:30:00.000Z,,,11/24/2020 12:16 PM 
CH8907,codonadmin,stagediagdt,2020-11-02T18:30:00.000Z,2020-11-02T18:30:00.000Z,,,11/24/2020 12:16 PM 
CH8907,codonadmin,mdiag,sadf,sadf,,,11/24/2020 12:16 PM 
CH8907,codonadmin,nsurgery,dasf,dasf,,,11/24/2020 12:16 PM 
CH8907,codonadmin,stagegroupsurgery,asdf,asdf,,,11/24/2020 12:16 PM 
CH12563,codonadmin,smokeho,Yes,Yes,,,11/26/2020 01:07 PM 
CH12563,codonadmin,smokehoyr,7years,7years,,,11/26/2020 01:07 PM 
CH12563,codonadmin,hocancer,,,,,11/26/2020 01:07 PM 
CH12563,codonadmin,hocancerdiag,Breast,Breast,,,11/26/2020 01:07 PM 
CH12563,codonadmin,hocomorbid,No,No,,,11/26/2020 01:07 PM 
CH12563,codonadmin,hocomorbidcond,,,,,11/26/2020 01:07 PM 
CH12563,codonadmin,height,162,162,,,11/26/2020 01:07 PM 
CH12563,codonadmin,weight,,,,,11/26/2020 01:07 PM 
CH12563,codonadmin,bmi,,,,,11/26/2020 01:07 PM 
CH12563,codonadmin,cancerdiagdt,2020-09-01T18:30:00.000Z,2020-09-01T18:30:00.000Z,,,11/26/2020 01:07 PM 
CH12563,codonadmin,cancerorgan,,,,,11/26/2020 01:07 PM 
CH12563,codonadmin,histotype,,,,,11/26/2020 01:07 PM 
CH12563,codonadmin,metacancerdiagdate,2020-10-29T18:30:00.000Z,2020-10-29T18:30:00.000Z,,,11/26/2020 01:07 PM 
CH12563,codonadmin,metasite,,,,,11/26/2020 01:07 PM 
CH12563,codonadmin,stagediagdt,2020-10-06T18:30:00.000Z,2020-10-06T18:30:00.000Z,,,11/26/2020 01:07 PM 
CH12563,codonadmin,tdiag,,,,,11/26/2020 01:07 PM 
CH12563,codonadmin,ndiag,,,,,11/26/2020 01:07 PM 
CH12563,codonadmin,mdiag,M0,M0,,,11/26/2020 01:07 PM 
CH12563,codonadmin,stagesurgerydt,,,,,11/26/2020 01:07 PM 
CH12563,codonadmin,tsurgery,,,,,11/26/2020 01:07 PM 
CH12563,codonadmin,nsurgery,No,No,,,11/26/2020 01:07 PM 
CH12563,codonadmin,msurgery,,,,,11/26/2020 01:07 PM 
CH12563,codonadmin,stagegroupdiag,,,,,11/26/2020 01:07 PM 
CH12563,codonadmin,stagegroupsurgery,T2M1N1,T2M1N1,,,11/26/2020 01:07 PM 
CH12563,codonadmin,stagesystem,,,,,11/26/2020 01:07 PM 
CH12563,codonadmin,dummy,,,,,11/26/2020 01:07 PM 
CH12563,codonadmin,lesionsize,,,,,11/26/2020 01:07 PM 
