ChartID,AbstractorID,Field,Original_Value,Value,Code,Code_System,Abstracted_Date_Time
CH1919,codonadmin,smokeho,sdf,sdf,,,12/10/2020 02:10 AM 
CH1919,codonadmin,smokehoyr,,,,,12/10/2020 02:10 AM 
CH1919,codonadmin,hocancer,,,,,12/10/2020 02:10 AM 
CH1919,codonadmin,hocancerdiag,sdaf,sdaf,,,12/10/2020 02:10 AM 
CH1919,codonadmin,hocomorbid,,,,,12/10/2020 02:10 AM 
CH1919,codonadmin,hocomorbidcond,,,,,12/10/2020 02:10 AM 
CH1919,codonadmin,height,122,122,,,12/10/2020 02:10 AM 
CH1919,codonadmin,weight,,,,,12/10/2020 02:10 AM 
CH1919,codonadmin,bmi,,,,,12/10/2020 02:10 AM 
CH1919,codonadmin,cancerdiagdt,2020-11-30T18:30:00.000Z,2020-11-30T18:30:00.000Z,,,12/10/2020 02:10 AM 
CH1919,codonadmin,cancerorgan,,,,,12/10/2020 02:10 AM 
CH1919,codonadmin,histotype,,,,,12/10/2020 02:10 AM 
CH1919,codonadmin,metacancerdiagdate,2020-12-09T18:30:00.000Z,2020-12-09T18:30:00.000Z,,,12/10/2020 02:10 AM 
CH1919,codonadmin,metasite,,,,,12/10/2020 02:10 AM 
CH1919,codonadmin,stagediagdt,2020-11-30T18:30:00.000Z,2020-11-30T18:30:00.000Z,,,12/10/2020 02:10 AM 
CH1919,codonadmin,tdiag,,,,,12/10/2020 02:10 AM 
CH1919,codonadmin,ndiag,,,,,12/10/2020 02:10 AM 
CH1919,codonadmin,mdiag,zxcv,zxcv,,,12/10/2020 02:10 AM 
CH1919,codonadmin,stagesurgerydt,,,,,12/10/2020 02:10 AM 
CH1919,codonadmin,tsurgery,,,,,12/10/2020 02:10 AM 
CH1919,codonadmin,nsurgery,cxv,cxv,,,12/10/2020 02:10 AM 
CH1919,codonadmin,msurgery,,,,,12/10/2020 02:10 AM 
CH1919,codonadmin,stagegroupdiag,,,,,12/10/2020 02:10 AM 
CH1919,codonadmin,stagegroupsurgery,xcv,xcv,,,12/10/2020 02:10 AM 
CH1919,codonadmin,stagesystem,,,,,12/10/2020 02:10 AM 
CH1919,codonadmin,dummy,,,,,12/10/2020 02:10 AM 
CH1919,codonadmin,lesionsize,,,,,12/10/2020 02:10 AM 
656565,codonadmin,smokeho,Test,Test,,,12/02/2020 09:06 AM 
656565,codonadmin,smokehoyr,,,,,12/02/2020 09:06 AM 
656565,codonadmin,hocancer,,,,,12/02/2020 09:06 AM 
656565,codonadmin,hocancerdiag,Test,Test,,,12/02/2020 09:06 AM 
656565,codonadmin,hocomorbid,,,,,12/02/2020 09:06 AM 
656565,codonadmin,hocomorbidcond,,,,,12/02/2020 09:06 AM 
656565,codonadmin,height,123,123,,,12/02/2020 09:06 AM 
656565,codonadmin,weight,,,,,12/02/2020 09:06 AM 
656565,codonadmin,bmi,,,,,12/02/2020 09:06 AM 
656565,codonadmin,cancerdiagdt,2020-11-30T18:30:00.000Z,2020-11-30T18:30:00.000Z,,,12/02/2020 09:06 AM 
656565,codonadmin,cancerorgan,,,,,12/02/2020 09:06 AM 
656565,codonadmin,histotype,,,,,12/02/2020 09:06 AM 
656565,codonadmin,metacancerdiagdate,2020-11-30T18:30:00.000Z,2020-11-30T18:30:00.000Z,,,12/02/2020 09:06 AM 
656565,codonadmin,metasite,,,,,12/02/2020 09:06 AM 
656565,codonadmin,stagediagdt,2020-11-30T18:30:00.000Z,2020-11-30T18:30:00.000Z,,,12/02/2020 09:06 AM 
656565,codonadmin,tdiag,,,,,12/02/2020 09:06 AM 
656565,codonadmin,ndiag,,,,,12/02/2020 09:06 AM 
656565,codonadmin,mdiag,M0,M0,,,12/02/2020 09:06 AM 
656565,codonadmin,stagesurgerydt,,,,,12/02/2020 09:06 AM 
656565,codonadmin,tsurgery,,,,,12/02/2020 09:06 AM 
656565,codonadmin,nsurgery,N0,N0,,,12/02/2020 09:06 AM 
656565,codonadmin,msurgery,,,,,12/02/2020 09:06 AM 
656565,codonadmin,stagegroupdiag,,,,,12/02/2020 09:06 AM 
656565,codonadmin,stagegroupsurgery,T1M0N0,T1M0N0,,,12/02/2020 09:06 AM 
656565,codonadmin,stagesystem,,,,,12/02/2020 09:06 AM 
656565,codonadmin,dummy,,,,,12/02/2020 09:06 AM 
656565,codonadmin,lesionsize,,,,,12/02/2020 09:06 AM 
CH70992,codonadmin,smokeho,mn,mn,,,04/09/2021 09:50 AM 
CH70992,codonadmin,smokehoyr,,,,,04/09/2021 09:50 AM 
CH70992,codonadmin,hocancer,,,,,04/09/2021 09:50 AM 
CH70992,codonadmin,hocancerdiag,kjk,kjk,,,04/09/2021 09:50 AM 
CH70992,codonadmin,hocomorbid,,,,,04/09/2021 09:50 AM 
CH70992,codonadmin,hocomorbidcond,,,,,04/09/2021 09:50 AM 
CH70992,codonadmin,height,sdf,sdf,,,04/09/2021 09:50 AM 
CH70992,codonadmin,weight,,,,,04/09/2021 09:50 AM 
CH70992,codonadmin,bmi,,,,,04/09/2021 09:50 AM 
CH70992,codonadmin,cancerdiagdt,2020-12-09T18:30:00.000Z,2020-12-09T18:30:00.000Z,,,04/09/2021 09:50 AM 
CH70992,codonadmin,cancerorgan,,,,,04/09/2021 09:50 AM 
CH70992,codonadmin,histotype,,,,,04/09/2021 09:50 AM 
CH70992,codonadmin,metacancerdiagdate,2020-12-07T18:30:00.000Z,2020-12-07T18:30:00.000Z,,,04/09/2021 09:50 AM 
CH70992,codonadmin,metasite,,,,,04/09/2021 09:50 AM 
CH70992,codonadmin,stagediagdt,2020-12-07T18:30:00.000Z,2020-12-07T18:30:00.000Z,,,04/09/2021 09:50 AM 
CH70992,codonadmin,tdiag,,,,,04/09/2021 09:50 AM 
CH70992,codonadmin,ndiag,,,,,04/09/2021 09:50 AM 
CH70992,codonadmin,mdiag,asdf,asdf,,,04/09/2021 09:50 AM 
CH70992,codonadmin,stagesurgerydt,,,,,04/09/2021 09:50 AM 
CH70992,codonadmin,tsurgery,,,,,04/09/2021 09:50 AM 
CH70992,codonadmin,nsurgery,sdf,sdf,,,04/09/2021 09:50 AM 
CH70992,codonadmin,msurgery,,,,,04/09/2021 09:50 AM 
CH70992,codonadmin,stagegroupdiag,,,,,04/09/2021 09:50 AM 
CH70992,codonadmin,stagegroupsurgery,sdaf,sdaf,,,04/09/2021 09:50 AM 
CH70992,codonadmin,stagesystem,,,,,04/09/2021 09:50 AM 
CH70992,codonadmin,dummy,,,,,04/09/2021 09:50 AM 
CH70992,codonadmin,lesionsize,,,,,04/09/2021 09:50 AM 
