ChartID,AbstractorID,Field,Original_Value,Value,Code,Code_System,Abstracted_Date_Time
CH67558,codonadmin,smokeho,Yes,Yes,,,11/27/2020 12:35 AM 
CH67558,codonadmin,smokehoyr,,,,,11/27/2020 12:35 AM 
CH67558,codonadmin,hocancer,,,,,11/27/2020 12:35 AM 
CH67558,codonadmin,hocancerdiag,Liver,Liver,,,11/27/2020 12:35 AM 
CH67558,codonadmin,hocomorbid,None,None,,,11/27/2020 12:35 AM 
CH67558,codonadmin,hocomorbidcond,,,,,11/27/2020 12:35 AM 
CH67558,codonadmin,height,178,178,,,11/27/2020 12:35 AM 
CH67558,codonadmin,weight,,,,,11/27/2020 12:35 AM 
CH67558,codonadmin,bmi,,,,,11/27/2020 12:35 AM 
CH67558,codonadmin,cancerdiagdt,2020-10-31T18:30:00.000Z,2020-10-31T18:30:00.000Z,,,11/27/2020 12:35 AM 
CH67558,codonadmin,cancerorgan,,,,,11/27/2020 12:35 AM 
CH67558,codonadmin,histotype,,,,,11/27/2020 12:35 AM 
CH67558,codonadmin,metacancerdiagdate,2020-11-01T18:30:00.000Z,2020-11-01T18:30:00.000Z,,,11/27/2020 12:35 AM 
CH67558,codonadmin,metasite,,,,,11/27/2020 12:35 AM 
CH67558,codonadmin,stagediagdt,2020-10-31T18:30:00.000Z,2020-10-31T18:30:00.000Z,,,11/27/2020 12:35 AM 
CH67558,codonadmin,tdiag,,,,,11/27/2020 12:35 AM 
CH67558,codonadmin,ndiag,,,,,11/27/2020 12:35 AM 
CH67558,codonadmin,mdiag,M1,M1,,,11/27/2020 12:35 AM 
CH67558,codonadmin,stagesurgerydt,,,,,11/27/2020 12:35 AM 
CH67558,codonadmin,tsurgery,,,,,11/27/2020 12:35 AM 
CH67558,codonadmin,nsurgery,N1,N1,,,11/27/2020 12:35 AM 
CH67558,codonadmin,msurgery,,,,,11/27/2020 12:35 AM 
CH67558,codonadmin,stagegroupdiag,,,,,11/27/2020 12:35 AM 
CH67558,codonadmin,stagegroupsurgery,T1M1N1,T1M1N1,,,11/27/2020 12:35 AM 
CH67558,codonadmin,stagesystem,,,,,11/27/2020 12:35 AM 
CH67558,codonadmin,dummy,,,,,11/27/2020 12:35 AM 
CH67558,codonadmin,lesionsize,,,,,11/27/2020 12:35 AM 
